{
    "coin1": {
       "bIsVisiable": true,
        "bUseVertexColour": false,
        "diffuse": [
            0.0,
            0.0,
            0.0,
            1.0
        ],
        "meshFileName": "coin.ply",
        "noLight": true,
        "positionX": 23.099931716918945,
        "positionY": 3.7999978065490723,
        "positionZ": 0.5,
        "size": [
            0.4000000059604645,
            0.4000000059604645
        ],
        "specular": [
            1.0,
            1.0,
            1.0,
            1.0
        ],
        "textureStren": 1.0,
        "textuteName": "coin-texture.bmp",
        "type": "coin",
        "value": 10
    },
    "coin10": {
        "bIsVisiable": true,
        "bUseVertexColour": false,
        "diffuse": [
            0.0,
            0.0,
            0.0,
            1.0
        ],
        "meshFileName": "coin.ply",
        "noLight": true,
        "positionX": 73.29895782470703,
        "positionY": 2.5,
        "positionZ": 0.5,
        "size": [
            0.4000000059604645,
            0.4000000059604645
        ],
        "specular": [
            1.0,
            1.0,
            1.0,
            1.0
        ],
        "textureStren": 1.0,
        "textuteName": "coin-texture.bmp",
        "type": "coin",
        "value": 10
    },
    "coin11": {
        "bIsVisiable": true,
        "bUseVertexColour": false,
        "diffuse": [
            0.0,
            0.0,
            0.0,
            1.0
        ],
        "meshFileName": "coin.ply",
        "noLight": true,
        "positionX": 65.00007629394531,
        "positionY": 1.6000003814697266,
        "positionZ": 0.5,
        "size": [
            0.4000000059604645,
            0.4000000059604645
        ],
        "specular": [
            1.0,
            1.0,
            1.0,
            1.0
        ],
        "textureStren": 1.0,
        "textuteName": "coin-texture.bmp",
        "type": "coin",
        "value": 10
    },
    "coin12": {
       "bIsVisiable": true,
        "bUseVertexColour": false,
        "diffuse": [
            0.0,
            0.0,
            0.0,
            1.0
        ],
        "meshFileName": "coin.ply",
        "noLight": true,
        "positionX": 61.100135803222656,
        "positionY": 1.7000004053115845,
        "positionZ": 0.5,
        "size": [
            0.4000000059604645,
            0.4000000059604645
        ],
        "specular": [
            1.0,
            1.0,
            1.0,
            1.0
        ],
        "textureStren": 1.0,
        "textuteName": "coin-texture.bmp",
        "type": "coin",
        "value": 10
    },
    "coin13": {
       "bIsVisiable": true,
        "bUseVertexColour": false,
        "diffuse": [
            0.0,
            0.0,
            0.0,
            1.0
        ],
        "meshFileName": "coin.ply",
        "noLight": true,
        "positionX": 1.5994514226913452,
        "positionY": 3.199997901916504,
        "positionZ": 0.5,
        "size": [
            0.4000000059604645,
            0.4000000059604645
        ],
        "specular": [
            1.0,
            1.0,
            1.0,
            1.0
        ],
        "textureStren": 1.0,
        "textuteName": "coin-texture.bmp",
        "type": "coin",
        "value": 10
    },
    "coin2": {
       "bIsVisiable": true,
        "bUseVertexColour": false,
        "diffuse": [
            0.0,
            0.0,
            0.0,
            1.0
        ],
        "meshFileName": "coin.ply",
        "noLight": true,
        "positionX": 8.299921989440918,
        "positionY": 3.1999993324279785,
        "positionZ": 0.5,
        "size": [
            0.4000000059604645,
            0.4000000059604645
        ],
        "specular": [
            1.0,
            1.0,
            1.0,
            1.0
        ],
        "textureStren": 1.0,
        "textuteName": "coin-texture.bmp",
        "type": "coin",
        "value": 10
    },
    "coin3": {
       "bIsVisiable": true,
        "bUseVertexColour": false,
        "diffuse": [
            0.0,
            0.0,
            0.0,
            1.0
        ],
        "meshFileName": "coin.ply",
        "noLight": true,
        "positionX": 26.89980125427246,
        "positionY": 5.8999924659729,
        "positionZ": 0.5,
        "size": [
            0.4000000059604645,
            0.4000000059604645
        ],
        "specular": [
            1.0,
            1.0,
            1.0,
            1.0
        ],
        "textureStren": 1.0,
        "textuteName": "coin-texture.bmp",
        "type": "coin",
        "value": 10
    },
    "coin4": {
       "bIsVisiable": true,
        "bUseVertexColour": false,
        "diffuse": [
            0.0,
            0.0,
            0.0,
            1.0
        ],
        "meshFileName": "coin.ply",
        "noLight": true,
        "positionX": 46.19965362548828,
        "positionY": 1.3999959230422974,
        "positionZ": 0.5,
        "size": [
            0.4000000059604645,
            0.4000000059604645
        ],
        "specular": [
            1.0,
            1.0,
            1.0,
            1.0
        ],
        "textureStren": 1.0,
        "textuteName": "coin-texture.bmp",
        "type": "coin",
        "value": 10
    },
    "coin5": {
       "bIsVisiable": true,
        "bUseVertexColour": false,
        "diffuse": [
            0.0,
            0.0,
            0.0,
            1.0
        ],
        "meshFileName": "coin.ply",
        "noLight": true,
        "positionX": 35.49986267089844,
        "positionY": 1.2999975681304932,
        "positionZ": 0.5,
        "size": [
            0.4000000059604645,
            0.4000000059604645
        ],
        "specular": [
            1.0,
            1.0,
            1.0,
            1.0
        ],
        "textureStren": 1.0,
        "textuteName": "coin-texture.bmp",
        "type": "coin",
        "value": 10
    },
    "coin6": {
       "bIsVisiable": true,
        "bUseVertexColour": false,
        "diffuse": [
            0.0,
            0.0,
            0.0,
            1.0
        ],
        "meshFileName": "coin.ply",
        "noLight": true,
        "positionX": 56.19929122924805,
        "positionY": 1.5999993085861206,
        "positionZ": 0.5,
        "size": [
            0.4000000059604645,
            0.4000000059604645
        ],
        "specular": [
            1.0,
            1.0,
            1.0,
            1.0
        ],
        "textureStren": 1.0,
        "textuteName": "coin-texture.bmp",
        "type": "coin",
        "value": 10
    },
    "coin7": {
       "bIsVisiable": true,
        "bUseVertexColour": false,
        "diffuse": [
            0.0,
            0.0,
            0.0,
            1.0
        ],
        "meshFileName": "coin.ply",
        "noLight": true,
        "positionX": 12.599586486816406,
        "positionY": 4.899994850158691,
        "positionZ": 0.5,
        "size": [
            0.4000000059604645,
            0.4000000059604645
        ],
        "specular": [
            1.0,
            1.0,
            1.0,
            1.0
        ],
        "textureStren": 1.0,
        "textuteName": "coin-texture.bmp",
        "type": "coin",
        "value": 10
    },
    "coin8": {
       "bIsVisiable": true,
        "bUseVertexColour": false,
        "diffuse": [
            0.0,
            0.0,
            0.0,
            1.0
        ],
        "meshFileName": "coin.ply",
        "noLight": true,
        "positionX": 16.09967041015625,
        "positionY": 3.0999951362609863,
        "positionZ": 0.5,
        "size": [
            0.4000000059604645,
            0.4000000059604645
        ],
        "specular": [
            1.0,
            1.0,
            1.0,
            1.0
        ],
        "textureStren": 1.0,
        "textuteName": "coin-texture.bmp",
        "type": "coin",
        "value": 10
    },
    "coin9": {
       "bIsVisiable": true,
        "bUseVertexColour": false,