{
    "coin1": {
        "bIsVisiable": true,
        "bUseVertexColour": false,
        "diffuse": [
            0.0,
            0.0,
            0.0,
            1.0
        ],
        "meshFileName": "coin.ply",
        "noLight": true,
        "positionX": 8.199874877929688,
        "positionY": 0.19999909400939941,
        "positionZ": 0.5,
        "size": [
            0.4000000059604645,
            0.4000000059604645
        ],
        "specular": [
            1.0,
            1.0,
            1.0,
            1.0
        ],
        "textureStren": 1.0,
        "textuteName": "coin-texture.bmp",
        "type": "coin",
        "value": 10
    },
    "coin10": {
        "bIsVisiable": true,
        "bUseVertexColour": false,
        "diffuse": [
            0.0,
            0.0,
            0.0,
            1.0
        ],
        "meshFileName": "coin.ply",
        "noLight": true,
        "positionX": 28.29956817626953,
        "positionY": 0.10000022500753403,
        "positionZ": 0.5,
        "size": [
            0.4000000059604645,
            0.4000000059604645
        ],
        "specular": [
            1.0,
            1.0,
            1.0,
            1.0
        ],
        "textureStren": 1.0,
        "textuteName": "coin-texture.bmp",
        "type": "coin",
        "value": 10
    },
    "coin11": {
        "bIsVisiable": true,
        "bUseVertexColour": false,
        "diffuse": [
            0.0,
            0.0,
            0.0,
            1.0
        ],
        "meshFileName": "coin.ply",
        "noLight": true,
        "positionX": 65.00007629394531,
        "positionY": -0.09999986737966537,
        "positionZ": 0.5,
        "size": [
            0.4000000059604645,
            0.4000000059604645
        ],
        "specular": [
            1.0,
            1.0,
            1.0,
            1.0
        ],
        "textureStren": 1.0,
        "textuteName": "coin-texture.bmp",
        "type": "coin",
        "value": 10
    },
    "coin12": {
        "bIsVisiable": true,
        "bUseVertexColour": false,
        "diffuse": [
            0.0,
            0.0,
            0.0,
            1.0
        ],
        "meshFileName": "coin.ply",
        "noLight": true,
        "positionX": 60.90013885498047,
        "positionY": 1.341104507446289e-07,
        "positionZ": 0.5,
        "size": [
            0.4000000059604645,
            0.4000000059604645
        ],
        "specular": [
            1.0,
            1.0,
            1.0,
            1.0
        ],
        "textureStren": 1.0,
        "textuteName": "coin-texture.bmp",
        "type": "coin",
        "value": 10
    },
    "coin13": {
        "bIsVisiable": true,
        "bUseVertexColour": false,
        "diffuse": [
            0.0,
            0.0,
            0.0,
            1.0
        ],
        "meshFileName": "coin.ply",
        "noLight": true,
        "positionX": 2.0994515419006348,
        "positionY": 2.899998188018799,
        "positionZ": 0.5,
        "size": [
            0.4000000059604645,
            0.4000000059604645
        ],
        "specular": [
            1.0,
            1.0,
            1.0,
            1.0
        ],
        "textureStren": 1.0,
        "textuteName": "coin-texture.bmp",
        "type": "coin",
        "value": 10
    },
    "coin2": {
        "bIsVisiable": true,
        "bUseVertexColour": false,
        "diffuse": [
            0.0,
            0.0,
            0.0,
            1.0
        ],
        "meshFileName": "coin.ply",
        "noLight": true,
        "positionX": 9.299925804138184,
        "positionY": 2.6999998092651367,
        "positionZ": 0.5,
        "size": [
            0.4000000059604645,
            0.4000000059604645
        ],
        "specular": [
            1.0,
            1.0,
            1.0,
            1.0
        ],
        "textureStren": 1.0,
        "textuteName": "coin-texture.bmp",
        "type": "coin",
        "value": 10
    },
    "coin3": {
        "bIsVisiable": true,
        "bUseVertexColour": false,
        "diffuse": [
            0.0,
            0.0,
            0.0,
            1.0
        ],
        "meshFileName": "coin.ply",
        "noLight": true,
        "positionX": 10.199737548828125,
        "positionY": 0.39999550580978394,
        "positionZ": 0.5,
        "size": [
            0.4000000059604645,
            0.4000000059604645
        ],
        "specular": [
            1.0,
            1.0,
            1.0,
            1.0
        ],
        "textureStren": 1.0,
        "textuteName": "coin-texture.bmp",
        "type": "coin",
        "value": 10
    },
    "coin4": {
        "bIsVisiable": true,
        "bUseVertexColour": false,
        "diffuse": [
            0.0,
            0.0,
            0.0,
            1.0
        ],
        "meshFileName": "coin.ply",
        "noLight": true,
        "positionX": 9.299782752990723,
        "positionY": 3.0999948978424072,
        "positionZ": 0.5,
        "size": [
            0.4000000059604645,
            0.4000000059604645
        ],
        "specular": [
            1.0,
            1.0,
            1.0,
            1.0
        ],
        "textureStren": 1.0,
        "textuteName": "coin-texture.bmp",
        "type": "coin",
        "value": 10
    },
    "coin5": {
        "bIsVisiable": true,
        "bUseVertexColour": false,
        "diffuse": [
            0.0,
            0.0,
            0.0,
            1.0
        ],
        "meshFileName": "coin.ply",
        "noLight": true,
        "positionX": 14.799848556518555,
        "positionY": 0.999997615814209,
        "positionZ": 0.5,
        "size": [
            0.4000000059604645,
            0.4000000059604645
        ],
        "specular": [
            1.0,
            1.0,
            1.0,
            1.0
        ],
        "textureStren": 1.0,
        "textuteName": "coin-texture.bmp",
        "type": "coin",
        "value": 10
    },
    "coin6": {
        "bIsVisiable": true,
        "bUseVertexColour": false,
        "diffuse": [
            0.0,
            0.0,
            0.0,
            1.0
        ],
        "meshFileName": "coin.ply",
        "noLight": true,
        "positionX": 11.299581527709961,
        "positionY": 1.099999189376831,
        "positionZ": 0.5,
        "size": [
            0.4000000059604645,
            0.4000000059604645
        ],
        "specular": [
            1.0,
            1.0,
            1.0,
            1.0
        ],
        "textureStren": 1.0,
        "textuteName": "coin-texture.bmp",
        "type": "coin",
        "value": 10
    },
    "coin7": {
        "bIsVisiable": true,
        "bUseVertexColour": false,
        "diffuse": [
            0.0,
            0.0,
            0.0,
            1.0
        ],
        "meshFileName": "coin.ply",
        "noLight": true,
        "positionX": 12.399585723876953,
        "positionY": 4.599995136260986,
        "positionZ": 0.5,
        "size": [
            0.4000000059604645,
            0.4000000059604645
        ],
        "specular": [
            1.0,
            1.0,
            1.0,
            1.0
        ],
        "textureStren": 1.0,
        "textuteName": "coin-texture.bmp",
        "type": "coin",
        "value": 10
    },
    "coin8": {
        "bIsVisiable": true,
        "bUseVertexColour": false,
        "diffuse": [
            0.0,
            0.0,
            0.0,
            1.0
        ],
        "meshFileName": "coin.ply",
        "noLight": true,
        "positionX": 3.2996444702148438,
        "positionY": 0.1999955177307129,
        "positionZ": 0.5,
        "size": [
            0.4000000059604645,
            0.4000000059604645
        ],
        "specular": [
            1.0,
            1.0,
            1.0,
            1.0
        ],
        "textureStren": 1.0,
        "textuteName": "coin-texture.bmp",
        "type": "coin",
        "value": 10
    },
    "coin9": {
        "bIsVisiable": true,